{
    "ours_3000": {
        "SSIM": 0.6219248175621033,
        "PSNR": 16.965492248535156,
        "LPIPS": 0.4783417880535126,
        "size": 1.7252559661865234
    }
}