{
    "ours_3000": {
        "SSIM": 0.5650097727775574,
        "PSNR": 18.851308822631836,
        "LPIPS": 0.570838212966919,
        "size": 0.47101306915283203
    }
}